"ZipCode","ZIP_AverageHomeValue","ZIP_AverageIncome","ZIP_Population","ZIP_LandArea"
27741,481400,141522,11315,37.13
23482,348700,73113,5142,60.237
15851,238100,62106,37265,20.49
43201,300300,77669,43876,12.627
11505,298700,82283,30590,16.281
19843,432000,137224,25833,39.099
27635,390200,88088,5838,95.196
70000,348100,100609,3946,63.862
69700,448300,113806,40695,17.174
45853,359000,89324,27988,8.643
41373,652200,172866,14857,21.269
45971,0,56250,281,8.298
10955,478800,127488,15900,82.91
26404,407700,128061,28498,14.666
71930,561300,128796,1510,17.21
10950,422700,137500,6131,27.23
29631,671900,147750,1216,7.717
24996,471700,122815,54086,19.874
30700,564600,161538,28310,16.275
31556,487000,117973,21374,15.536
95300,507700,146092,24946,24.894
49846,443000,126834,29411,28.9
40502,501400,141538,4288,14.554
45933,333300,85923,37747,7.411
33305,476300,136121,32383,9.811
16529,362200,99643,9521,17.448
13268,497800,141156,19801,32.231
90830,452700,117244,41236,8.763
17818,575000,141994,45887,12.103
15508,450500,119708,27169,62.452
29119,464000,121973,46506,56.976
15967,434900,121058,6549,42.738
55400,428000,110833,7877,59.177
36608,360500,76359,14557,64.444
87720,411800,116058,15252,48.49
12053,440800,98480,17529,4.51
68740,464800,111430,29128,8.224
28192,614000,132591,13165,3.157
30086,460400,81607,2492,72.819
46430,508400,94539,55990,12.44
30102,471200,124317,43102,8.373
37419,357800,116365,17379,6.808
13120,284500,82344,14258,8.063
45955,533800,112467,55066,18.87
78960,562800,140051,29377,7.424
10974,466500,107053,37691,7.563
53550,777900,201370,18364,23.642
90200,369500,69318,27989,2.797
51292,457400,101293,33537,6.611
21380,584500,108781,24302,4.766
45100,547700,79872,14092,2.187
74470,671700,123375,16235,2.829
19041,549000,79790,8878,13.019
10909,1070400,215122,18099,26.98
28960,452100,105735,32059,29.24
71240,974200,186225,29887,13.643
47194,834300,110799,21985,10.483
62710,742500,157865,17558,10.133
44273,181300,60186,6862,23.671
11246,421000,92158,27105,7.512
21422,430600,108494,17456,5.115
61150,441200,116688,28550,5.941
36690,487800,136176,31285,8.892
26290,410300,65909,8699,12.63
41333,647300,137388,23491,5.812
11591,704400,150938,14879,5.692
18074,829200,170839,24863,11.76
12014,273400,81756,57598,15.81
12259,313300,94528,53394,18.545
11892,289000,93470,73047,17.675
18584,618500,119117,33476,2.339
22787,623200,107341,22543,3.87
47411,576200,98583,21850,1.534
33041,466800,76071,47233,4.111
47999,758800,175289,17087,2.706
48119,424800,104091,19051,2.048
39662,875800,170423,30920,6.449
41014,567400,102066,12314,0.6
29242,0,26442,648,1.751
33357,666600,161940,2936,0.57
69080,714400,129475,11162,1.393
17449,414300,100463,16485,2.247
25343,361500,89442,12601,1.457
11284,339400,76883,44300,4.634
48105,586400,83995,15440,1.35
25000,413800,68993,32326,7.245
31160,518600,106673,9581,2.885
90140,651200,172500,12737,4.495
52018,391100,81226,33220,7.535
51632,436400,120577,29609,7.166
44209,480400,61993,17560,1.537
16360,429300,76245,30614,5.357
48452,637300,120319,29653,3.793
20867,445800,126300,26202,5.466
47800,321500,53980,24286,10.44
27875,271000,86337,29152,52.596
15615,248000,78975,54962,56.702
51325,261000,84798,26851,45.921
18521,196500,44854,3286,152.377
82800,195800,45750,394,4.135
44334,174400,81908,232,4.192
26717,167400,58333,746,28.542
36390,132800,75038,725,41.463
18710,208000,26193,463,41.491
45330,225100,55703,8083,61.006
35459,158400,54608,1796,40.658
68680,138000,47788,1876,57.668
46189,100000,38029,1921,31.147
22260,246200,56574,5099,112.532
33302,172200,61111,369,17.518
64600,258300,38859,2993,30.458
23965,287700,84857,23004,175.621
12963,198900,55601,4334,87.978
41648,256500,77619,12696,55.395
45646,0,0,31,11.477
28186,285400,58917,1240,14.117
20000,201400,55000,2603,87.039
29248,195700,63102,5402,91.477
28852,213400,60268,2796,33.94
69850,156000,109620,307,13.249
33125,376300,72411,2063,17.032
24829,209700,69250,1950,20.666
12831,188700,61810,15850,162.333
44934,240400,71730,19242,173.822
13690,282400,93372,13935,44.628
11418,330800,107567,51463,66.362
14660,311900,99527,25675,31.634
17835,172200,41913,6704,91.185
49087,220600,47500,3163,47.295
12110,163500,44326,7470,138.475
83630,225600,44732,1785,11.012
44227,296900,56875,2510,18.568
14899,182000,49764,5160,89.774
18200,211800,46960,27813,9.871
10220,247000,74852,28443,110.245
50057,215100,64674,13910,98.02
52150,250800,63798,1842,51.628
47837,328200,67240,8757,80.804
28630,339200,95000,2348,45.743
50008,258300,57500,2565,19.286
40365,225300,79554,3641,43.823
34359,452900,46797,637,32.798
47859,223700,60593,30292,130.563
14400,235800,60272,1970,44.542
14904,213200,83778,4414,51.067
61040,191300,58669,2177,37.562
42518,251600,78636,3880,35.665
31274,251100,74018,2381,8.386
68970,191700,56955,10956,61.932
42100,187700,48977,1689,9.187
91490,224200,44393,8753,49.987
57450,231300,61375,31444,163.411
92990,229600,34676,874,12.868
39200,252400,71974,8415,36.22
12317,247700,90156,1406,26.651
15487,446600,61563,853,24.999
16460,326000,105054,2282,21.098
42757,194000,44559,776,15.767
29220,229200,45455,5547,101.129
38737,342100,105662,3310,45.238
83980,0,60750,1338,5.527
32080,334600,75417,1469,47.492
21888,240700,72857,3187,30.041
39416,269100,58854,2936,40.293
46264,380200,48672,1149,26.997
36068,276600,95000,1926,22.161
37320,400000,56705,1132,38.818
24871,246000,42338,37989,32.476
39233,183500,45224,26293,90.495
43862,204500,63846,863,24.945
45225,206900,56976,8927,43.058
51975,189500,51465,8355,71.884
50034,0,33672,214,22.501
50616,197700,54067,5753,81.769
36036,198100,51757,6018,86.003
17658,165600,50279,10388,136.38
37802,140000,59271,1773,112.549
53700,169200,66301,813,60.635
24912,218800,54226,1091,24.392
30634,206300,56979,1250,17.77
54890,189300,48359,11634,150.687
26474,234300,70917,4354,26.375
23297,248000,58387,2791,31.248
23295,166200,47254,5063,72.469
19781,229900,59231,2458,113.189
43730,201700,46228,4528,48.499
48082,302500,67482,1855,11.122
58270,151700,44504,5044,46.987
55250,211800,62390,899,12.046
75300,152000,39679,5956,55.183
25621,159200,44291,4367,36.479
39181,317900,63283,32532,52.151
18966,258700,59122,21223,62.781
30448,347200,55840,38229,75.631
80060,297000,77925,15971,51.063
33711,265800,61667,4186,75.663
40003,171900,46929,1993,50.561
45025,285600,71993,5035,50.286
35330,321300,72151,7488,108.361
30495,363600,110911,4853,36.433
28672,168300,39145,1486,45.677
35047,230000,60857,1444,42.457
49900,246000,71277,5398,16.697
69430,220600,50130,8113,111.742
35420,554700,74344,4198,43.687
50764,477600,36118,305,5.692
31510,161900,31107,1300,36.788
10568,212200,51705,2029,49.133
33505,282800,57250,1578,38.854
16240,198500,53816,10722,128.269
38684,223400,68543,15401,121.7
48220,214800,47153,1956,78.013
31612,235900,72602,9815,38.573
11421,247100,52679,1437,43.715
21034,192400,38971,1735,53.751
58960,2000000,0,439,14.297
48326,219900,50625,6191,102.297
64860,289400,80841,5385,40.341
47040,173500,48363,31451,74.338
51684,81300,41016,851,39.457
45993,243000,62632,15227,67.375
50175,218000,76910,6279,77.704
24160,248800,75294,4249,81.233
43793,164100,83672,930,26.137
12129,0,0,323,19.941
30111,211500,53908,8120,105.987
43780,0,71071,233,1.3
34770,145500,33026,1413,45.588
20835,162600,53980,5128,147.764
25308,289100,56016,283,17.018
21500,290000,39931,1473,14.707
27203,167900,28214,1775,74.959
25642,255300,64375,1056,14.809
38061,136600,45183,4661,147.349
35846,320900,45694,1692,7.521
29941,282000,79894,1952,47.405
98100,0,68000,598,4.137
52930,213600,64325,915,15.515
12947,450000,54028,458,5.962
80350,375500,104805,31919,45.915
47381,250400,81476,33417,15.172
20680,224100,68393,21208,156.616
37037,216900,40865,2340,1.442
45229,189400,62616,5278,100.266
18656,190600,61809,1909,21.697
24388,248400,69155,3197,54.52
36634,296500,74583,1563,11.98
12400,228400,58750,11541,36.765
16185,131900,42207,9819,4.584
77400,132200,49121,1732,56.839
46146,193800,51618,1799,41.206
60950,190100,60402,3247,82.656
36408,247400,59694,4914,60.609
68430,181500,56059,12694,208.651
31019,272700,80833,2659,29.673
62880,482200,104082,4634,37.42
30477,196500,62679,1821,17.19
37519,205800,43693,794,22.129
33776,229100,73828,36490,78.09
28959,231800,85212,46982,32.403
14257,401200,100675,23848,35.399
30249,278200,93468,17449,11.263
47783,290200,98890,27228,62.816
48599,242200,61610,9141,136.79
42145,366500,129635,5971,63.896
19563,120600,34450,1860,40.917
12504,240200,72813,3185,54.504
20748,187000,0,223,2.178
10325,318400,57132,534,22.336
10991,276500,81827,1045,11.646
53310,207600,0,953,8.383
35793,247500,75817,24425,239.084
36815,213800,74643,5175,74.924
19663,240600,76149,6471,36.365
45870,322800,96328,3093,33.475
57390,138500,53000,1827,64.923
44110,215000,58279,3190,50.452
30430,158400,57143,12045,29.803
19892,273300,87721,1334,13.221
41641,158800,46469,1555,39.951
43000,176900,52981,173,10.845
26845,285200,84545,6115,23.389
15498,231900,38583,1325,9.33
36429,237400,39904,1907,16.284
12060,144300,38571,656,4.313
90510,146900,56100,616,20.425
52944,186600,69375,441,10.151
44346,208300,64063,5426,65.476
48520,317100,74344,46370,56.026
33551,306600,76001,38733,97.954
19624,269500,88559,7067,76.202
12196,285500,23177,3781,1.535
16756,355500,64500,13680,3.302
19457,122200,33703,24563,8.302
16809,148400,37047,47677,16.847
10216,109200,33474,33461,11.662
33170,199700,43487,39169,14.299
41848,317300,81406,15805,5.902
19371,224500,49183,24440,11.372
24583,163800,47430,34198,11.199
17850,287600,76033,32283,14.269
51989,181800,50640,5852,4.172
27938,177200,53411,34685,88.298
43805,0,0,0,0
44083,323300,98125,28908,12.344
62720,157700,46419,42989,19.727
19100,215400,72451,30165,17.466
34704,204200,73433,25822,14.404
48602,161400,51952,21192,20.446
23413,272400,69920,25134,21.466
26422,194600,54196,17558,4.14
94260,141100,30656,1831,27.237
23007,0,0,155,3.325
37703,175200,48353,741,7.114
32800,208800,69861,1088,14.581
19776,0,25333,769,7.792
33298,86100,27328,2106,33.002
14387,164700,36766,4736,60.056
40370,267500,80814,6991,19.148
15690,211900,57763,1525,29.149
17718,243700,68099,51797,32.613
25415,249000,68852,33653,26.335
38900,327300,92842,60473,150.808
18893,238100,75947,35906,120.548
30541,162700,40105,22851,6.681
10347,193100,56002,17592,3.827
43999,222500,47414,2941,19.312
51119,136100,32546,3403,27.964
44072,378800,0,207,3.393
53248,195800,52431,1246,3.55
13354,130100,41094,776,14.962
17676,0,32625,645,12.803
35251,139900,40848,2015,28.932
15500,115600,37237,1893,29.567
31038,38300,0,356,5.444
29858,237600,44924,4047,49.342
93970,113900,34824,2376,32.425
20684,113200,33063,4255,32.32
16976,262100,70702,17281,100.542
21828,317800,75500,1538,13.233
12281,327000,80192,1218,1.7
12447,208700,54597,47670,203.403
18960,273100,84855,27053,39.551
28140,193100,58946,4283,99.629
18260,231700,63615,1818,41.064
11573,89700,33056,1059,13.352
23806,418400,62347,41544,18.398
41903,238400,62382,59321,14.64
81030,227800,63413,35960,9.205
22610,286600,67284,60283,30.608
88240,276900,68957,47938,16.123
37549,321500,95598,51748,50.595
41415,359200,81739,4289,68.278
51487,0,45667,1091,1.364
43396,0,0,1201,0.217
31697,0,0,287,0.061
31168,199000,58788,61973,11.71
11216,247200,73255,72359,16.771
15090,164500,60395,6298,94.104
21852,0,0,201,7.273
76130,193400,48080,20678,10.108
25434,186700,48162,30856,5.171
81800,173300,28795,23483,4.15
25858,211100,41885,28503,6.419
16330,393300,65226,25818,0.888
50015,301100,51267,20263,3.519
37482,170900,46211,12817,2.567
24597,375500,49724,7031,1.125
54260,0,51528,2457,5.498
27266,234100,44926,4484,0.798
23378,211300,53881,28095,6.244
93030,162300,26626,7793,2.161
83020,191600,50786,25127,7.473
44551,206600,60463,39676,13.358
27350,174100,48094,3899,7.243
40360,0,51724,5720,12.107
45136,245200,55142,29283,9.373
18995,115700,30053,24519,5.825
21962,186500,51715,42917,10.703
23377,157200,42415,14113,4.699
32005,302200,84777,12150,15.317
14300,145300,43361,14495,2.778
48580,214600,61732,10194,5.228
17116,0,54623,5120,5.535
52523,197200,52932,49825,19.792
18481,194600,46222,43148,12.462
32720,252300,45195,3032,7.584
31348,0,76161,127,1.825
33234,317000,82209,18846,22.807
21100,343500,103825,23292,13.522
44550,344300,82000,3669,5.615
18071,163400,48704,25161,7.561
48909,135000,33869,11424,2.532
51837,204100,64222,25739,14.151
29225,150900,33960,18716,5.059
39778,165200,37455,14236,4.032
26927,203600,61142,3393,6.325
32561,134900,36861,40542,72.223
26596,154700,47492,19490,73.303
19319,109000,39848,1597,64.945
16844,108700,37064,7214,177.116
18460,106300,37014,1443,51.331
19716,108800,62500,395,35.336
22711,155600,61012,2622,81.835
22769,234400,72813,1491,46.535
46736,215900,71463,33079,24.067
33599,210300,80985,33739,39.48
18159,179000,57760,2297,57.122
50555,171800,54567,25612,22.582
48742,222900,82162,11444,25.322
11956,183800,49890,4298,106.118
17052,315700,105570,15341,99.935
13788,175200,54362,741,25.034
19697,129400,48601,1858,47.746
52320,160500,43800,3479,73.135
41000,207600,75951,6906,130.555
28240,104800,41250,788,45.138
24250,101600,30053,16962,281
37440,116500,69408,1051,50.188
46250,161100,41260,13715,106.744
24686,0,57675,525,15.033
19694,137900,42942,31970,50.372
33046,199300,59911,2237,87.06
44364,98500,41680,2189,92.288
46819,105000,31098,7367,121.267
11360,161800,39156,2376,95.958
11522,116600,46771,1004,40.128
29766,205200,58866,10878,35.112
22630,202900,59183,456,35.928
32225,200000,61006,1118,39.419
20133,75600,53796,679,33.676
44062,149700,41042,2176,119.618
32560,123000,46365,2516,160.263
45318,184300,61717,2551,57.145
11668,219300,52031,2807,33.936
24235,116700,31282,2275,87.192
30723,83100,26202,581,33.68
16906,140300,41732,4249,196.183
34484,0,29519,454,25.902
49540,179800,87969,673,32.35
92650,219800,58864,2223,49.629
28883,153500,41015,16399,200.285
48371,98000,49957,1220,32.741
30821,132800,39145,3684,108.464
39207,200900,41821,2666,32.649
94110,109200,45338,3489,121.735
10373,118300,34158,1991,80.813
23820,141500,38528,3785,67.867
29120,132000,37718,2592,88.703
11690,109200,34138,6232,137.412
14770,144600,38696,5690,107.077
44568,130500,41796,8212,218.444
18147,87000,24565,1970,72.843
10888,154500,35921,1112,59.084
32147,110300,32670,4261,140.095
25393,101800,35812,4293,133.324
20920,102300,38537,3348,61.067
59420,110500,46354,2017,63.552
36723,144200,39491,3170,97.811
45340,101600,47438,1264,58.582
43076,130000,51005,1990,43.005
32398,0,0,587,21.813
17924,83400,38041,1138,44.083
51512,126300,45761,2337,53.38
27621,89000,34167,1118,47.42
12713,119000,40403,8254,121.239
14025,108600,40558,5012,98.319
47744,133300,41595,29015,20.409
13939,82000,29534,8684,2.26
50670,175400,51232,16570,28.63
72750,171400,50181,15255,4.505
10300,122700,27492,9047,3.247
22228,108900,34927,23392,8.967
19156,215900,62083,36432,45.409
48978,178100,63253,26502,30.932
26256,87500,35978,6797,107.559
74160,88800,33571,13674,86.904
18526,283900,42090,53311,132.619
28573,180700,59630,4963,32.836
93230,188100,62107,6141,85.333
51150,150500,49236,4883,160.646
83000,143600,40272,2230,56.171
20607,109500,39250,1879,33.149
10830,179000,62250,1298,27.777
34241,178100,54828,29793,88.745
45692,157100,38542,932,0.809
86940,117100,37177,7115,6.923
36705,122700,51150,1766,38.644
14385,264000,85347,2587,7.983
43558,134300,53575,11304,118.18
48114,127800,44050,2182,175.643
23631,121400,43438,5408,117.208
46450,82400,29978,2640,11.258
44527,262600,67636,4781,94.967
32770,167800,47663,7215,174.797
46173,131400,45089,3063,35.547
40021,165300,54267,4677,25.233
15306,239400,64699,6132,55.469
13343,137700,37750,1697,32.082
55060,255900,57041,3469,74.787
46466,93800,33104,32646,151.691
14690,255900,57634,10501,94.904
42508,134200,58286,1683,28.742
43785,92200,52161,4352,72.347
64970,154400,34507,4261,240.547
41988,0,0,140,43.168
27735,90500,41517,2626,43.284
44788,100500,45865,5741,102.627
16365,117200,47083,3393,48.788
26267,173700,74036,1613,27.058
34291,160300,47750,575,24.471
21092,113800,55313,1201,6.484
53514,108700,41495,8013,71.273
25081,215300,71136,3339,53.127
27666,88700,38098,693,55.801
36410,140000,42252,20000,162.515
44891,180500,55472,37761,105.02
52807,165700,44148,2421,46.693
42263,111800,32679,1613,43.388
43936,0,72958,187,0.991
37400,112100,35242,8250,199.69
35601,115700,39010,2539,34.17
53436,235600,63797,8818,71.963
10905,374400,64318,1360,21.985
17830,162800,49150,18616,47.296
30000,184100,46861,4705,42.826
31481,133200,54537,854,37.709
35696,108300,35636,17116,10.36
33846,135500,41999,12905,127.497
72290,134100,41136,16840,141.375
18179,202400,58641,9922,70.689
52370,52800,26063,2939,67.435
22992,102500,40199,11265,72.824
51974,82400,35584,6734,108.588
28445,80600,26477,1697,57.512
34049,77100,37931,1433,26.773
29442,71600,32285,7016,92.964
62000,78800,31345,9597,128.512
29426,114300,43080,2222,22.4
25719,75400,31392,5723,170.354
34507,77500,26480,1129,51.874
16722,77000,29327,2596,52.396
41735,100100,40490,8773,118.499
87330,83500,25440,3491,58.166
51861,81100,32612,5734,79.053
81220,120900,48192,9521,121.234
45284,0,23393,324,7.662
32017,96300,31516,2689,62.984
97240,84500,34458,6262,63.287
14889,77500,28556,5849,52.876
49213,85000,37634,5541,80.694
41320,66700,24475,2487,54.979
42184,110400,32772,1874,4.953
44469,109800,44043,10791,58.506
21329,107900,40184,14366,80.228
53139,84700,29961,1977,40.538
47467,107000,34023,2401,37.278
26220,51300,25795,884,7.142
19223,105700,40774,3774,182.371
30367,100600,35588,3858,37.594
40614,119000,60368,639,66.909
37210,102900,47437,6979,80.392
17274,77500,44167,174,13.476
38501,119900,0,644,18.758
20859,141500,56280,2013,34.976
20428,131800,30921,1039,52.169
22576,85300,27056,3401,41.527
25154,100800,33534,17996,144.174
31658,109100,44750,5657,58.932
70080,119200,36504,9267,132.493
43059,177200,48787,1931,79.373
21979,93100,30047,3958,106.111
39307,58200,20938,668,11.403
52302,114500,29776,890,28.746
75360,92700,38420,15315,106.126
97650,111700,48655,6169,85.195
30362,112700,48698,5431,56.168
35672,106700,30221,1365,75.47
46365,127800,36250,781,27.376
44420,121900,44302,4953,82.755
30032,75000,29419,6572,150.514
58860,76700,43077,1611,61.558
31497,88300,32230,1229,81.993
41717,120800,37185,2639,84.398
30600,117200,51845,3816,51.732
40000,151500,39119,14366,200.192
12721,179800,46394,35499,133.241
10258,117200,30778,8807,55.58
13550,219800,60811,3868,76.555
32050,98800,40360,6315,83.333
16947,96400,42454,14329,332.742
95060,122000,29327,2643,35.254
12850,142200,55728,2656,14.211
17608,0,54844,336,50.291
20269,254800,72039,1925,31.273
12010,272200,61842,904,13.326
49183,162700,34375,1253,94.764
46880,165500,47072,2916,27.74
71090,166000,47970,6140,44.159
20591,129500,45430,2673,105.993
48660,237000,50293,16741,205.794
21300,170000,48281,1530,245.883
45976,231700,84226,2212,23.546
26310,241000,43208,2271,63.955
36890,205400,65313,280,7.027
47355,199000,53948,10573,48.532
50263,240300,67188,1537,60.519
21772,174000,50642,4872,15.334
11660,184400,58869,3490,22.818
22193,102100,31273,26757,38.529
50650,157300,46499,43426,27.735
34836,238500,67491,19331,41.824
13638,109200,32813,9777,32.11
25471,137300,39680,5693,36.034
38396,94800,45523,2450,92.774
51910,168700,47342,10576,231.596
31564,147500,50080,9213,197.003
37716,165900,47586,18952,225.318
16633,98900,59667,1593,65.269
23430,117000,52538,3027,31.576
17702,104100,37315,3200,97.959
63700,100700,45313,1088,35.088
27950,116300,40395,9203,197.483
39280,113000,25714,1740,57.847
15122,155800,62386,4742,92.072
46320,99600,39154,32170,76.044
21821,110300,35390,28221,73.001
36988,102800,45574,4292,51.056
31189,165800,50641,7258,65.098
41481,235600,73487,20667,68.136
33605,99100,34556,1902,126.585
33722,119600,43036,3995,118.044
51572,119500,47537,2140,23.262
41721,221200,59242,3053,42.706
38403,90400,35772,7977,164.302
32480,119700,45191,6347,93.841
17677,99100,40026,5489,67.411
52288,96300,42763,1026,57.448
48600,85500,46250,1402,37.161
38449,109300,36402,1064,36.181
29417,159200,53575,1979,51.308
42060,140200,43451,16395,63.938
39070,154300,61250,3977,108.831
12915,86100,31975,5239,191.989
43030,99400,47050,1389,32.781
54850,121200,43055,5562,53.05
11634,140400,46362,9647,72.662
53860,197600,52403,8074,166.636
37420,159500,66019,1963,36.283
17705,103800,28125,1651,54.898
41012,109800,32153,1257,49.679
62070,121700,41563,1984,73.86
29130,110600,30192,606,46.788
11101,99000,40651,9301,48.144
15797,100100,34924,7630,103.968
39620,78900,33140,8061,128.046
29816,68200,21125,2774,76.768
87990,61500,24697,1028,49.425
19313,90400,36022,6774,65.615
13222,66900,30301,3533,42.123
53730,86200,32609,5953,19.071
46640,84900,35463,2760,44.268
29678,117500,44146,6314,157.063
38311,71400,31192,3404,68.452
92208,290100,70020,12414,3.835
57398,205400,96060,63140,37.161
47568,155300,56577,46364,16.887
79476,186400,78488,51624,11.646
96892,256400,92661,8785,95.417
10440,228100,78217,21607,8.067
71962,353000,122010,30347,14.979
89847,317900,114642,38666,16.472
80864,94300,47853,21872,62.565
75118,91000,41512,8036,60.257
97959,360000,149149,22545,19.211
10470,195500,77237,45452,9.421
56504,330100,88525,36039,12.637
52568,283200,109257,50926,9.326
98875,259300,110326,42226,15.146
59346,241500,96494,27986,51.311
92629,0,0,0,0
61090,330900,114629,72723,50.008
58866,261700,118550,47553,23.643
45667,0,0,0,0
87732,194900,46992,27802,13.371
81659,414500,82754,11032,5.247
88509,116000,57075,59406,15.654
62604,96600,39791,30700,8.001
46958,110400,41918,37881,7.481
66521,130300,56800,58094,14.528
10247,148600,60623,40811,10.74
75167,184200,93270,20328,10.484
82312,104000,47230,41041,24.734
92125,90300,39762,39285,12.125
61016,142000,72137,88996,26.157
70834,265800,113967,5053,5.434
91960,193100,80941,47852,25.245
65176,105500,49729,12900,10.171
65672,192100,65069,2982,57.64
59449,112500,49695,45980,13.261
96832,120800,41727,53442,11.563
60997,129300,48338,44537,10.991
72313,292800,83898,35090,15.179
77781,168400,74949,10748,7.945
66555,159200,57325,60982,13.292
77589,182000,88698,34934,27.45
54522,241400,96322,74734,23.929
57113,224600,88501,36090,78.799
94686,158000,59611,44622,16.515
10321,203000,71118,33262,9.854
69449,132500,53240,7378,49.749
66312,234500,101380,35330,13.953
58675,383800,124600,10592,32.732
81544,209100,66865,44009,11.43
66662,175400,67673,34156,9.228
46571,274900,117810,21182,7.832
65512,226600,94060,28145,26.182
82402,165400,84500,24712,8.825
50337,169500,88137,30251,11.082
71811,81000,37240,23724,77.053
90055,136500,55401,22839,113.332
45520,392200,102323,47187,14.121
68642,296100,117065,20579,6.973
70170,165400,82680,48197,32.943
89733,117700,45802,12851,199.451
76456,139900,68455,45373,39.088
86007,114400,64088,3658,116.29
91673,85100,41685,28132,149.947
46868,112600,57227,4660,43.249
91962,148000,60797,48877,21.936
70032,110400,45693,19669,5.124
94231,111200,42697,3722,46.898
87438,109900,46662,26601,264.753
72425,103400,49962,4446,93.082
87941,81600,48024,6691,69.67
65451,168100,82473,33396,77.344
99673,93000,45417,1593,26.58
96079,109500,49559,20276,10.22
98644,120200,67500,5910,62.166
85785,128000,56582,18861,6.093
73780,98300,40795,6958,112.259
79415,74000,38431,5374,11.405
98398,110800,52454,18982,173.426
51189,80500,42500,14619,177.84
50705,82100,34663,3291,171.771
83647,104700,55701,17993,33.189
76782,101900,43421,6602,93.752
86197,67800,32601,5842,87.509
74106,98600,45569,56065,15.883
78951,105600,46845,58730,12.744
71492,135000,53176,4606,40.742
47336,68000,36827,605,23.514
53081,147500,71279,36041,47.012
52838,73000,45323,2579,38.052
82749,93700,46097,14580,31.273
46135,137500,54661,4139,87.929
76613,91500,48180,18339,59.807
57651,113000,46232,23627,119.979
95179,103300,47433,6165,113.949
96259,106800,43378,2285,33.781
92092,143200,59542,37966,112.682
47879,197700,84543,3070,13.214
46372,197100,77123,8436,97.58
80929,87100,43581,14644,214.1
92913,56200,37683,3956,11.659
50329,159500,66622,4353,30.459
58349,80600,41340,23031,7.659
61161,147500,74324,25908,17.595
86458,311400,126250,5118,17.606
67214,163700,74575,22406,110.992
76324,458300,84817,9409,1.445
73906,222300,85089,1666,0.707
74215,69500,30394,15721,4.73
80152,300200,67569,26279,2.557
89206,1059600,125269,23061,4.349
10310,317100,58943,36248,4.256
50223,0,80610,9648,3.851
10380,153100,51152,30171,5.94
65539,542700,85721,13653,3.535
63803,63700,21515,7482,2.256
69209,90700,37557,73146,17.623
49051,78500,30587,24884,10.29
68224,392500,82876,32950,7.237
89143,58800,26316,14648,8.414
80445,60600,24481,49416,14.624
47114,74600,32850,80324,27.324
86850,257100,72482,21665,6.988
87208,272900,65838,22124,2.189
95818,184000,40568,41891,11.318
46164,100400,37820,13947,3.452
70396,92800,36530,34034,5.842
61711,905100,158418,20892,4.717
88023,231700,51677,3506,1.12
95130,89300,36550,55029,11.397
53620,115500,37986,66551,11.401
93965,316800,84227,31571,12.532
71150,497400,76457,26934,7.246
53642,89400,35059,28682,8.267
68294,118800,42895,14043,3.462
80765,146100,57754,28794,10.337
89268,118900,46158,17177,6.72
84930,111800,40354,15949,12.487
79689,107600,28193,17101,6.65
76086,286600,55434,30483,6.577
74728,175400,38743,24296,3.768
68756,75800,33256,27066,26.856
83073,179800,37005,55406,8.703
66586,325700,77345,13266,4.611
59317,0,16227,468,6.538
97795,311700,74579,33395,7.408
48086,128200,51756,13373,4.597
94574,0,58337,2331,0.441
75412,314700,59681,24112,5.046
48582,43600,40182,18450,13.514
65109,336100,44600,23253,3.319
81840,262400,49084,49004,5.598
72593,60600,32209,18552,103.965
69356,123300,61500,15920,90.301
64382,127300,53203,14120,49.531
53414,158500,75806,11831,80.22
74747,89900,50293,4334,82.251
79291,78700,50795,1118,78.498
49466,115100,56875,3136,48.702
57175,80700,43750,2893,74.013
57734,68800,35857,2456,161.367
64310,87700,40349,14411,139.769
49749,145800,61094,1076,36.6
83554,92800,54663,2883,73.044
10265,105700,57500,2982,81.164
74389,121400,57568,3297,66.844
59927,51600,30882,5301,326.912
50084,80200,25504,10089,85.994
62858,91400,39417,2052,58.859
96456,72700,36607,3323,105.859
54941,96000,52059,2773,104.09
98962,56300,40347,1185,67.128
10528,69200,38125,1876,165.328
91828,111200,60938,1078,60.233
48356,96000,67813,972,45.785
60706,93100,47159,868,13.917
57477,117100,50873,6350,114.965
89034,136700,66120,8858,105.449
91930,96500,39508,3180,176.294
71442,108100,59643,1080,53.534
65837,58100,34671,1186,81.372
91884,102700,37944,1211,34.83
99858,107400,56380,4090,76.124
79816,90200,48217,3255,74.839
87733,187500,85994,5699,19.177
47668,102000,45632,28293,295.237
10039,113500,42647,6522,134.661
70871,66700,31517,23592,90.577
45851,143100,55854,11350,199.92
81875,0,40481,888,50.576
99764,85500,55556,1424,48.191
62859,82100,45613,3548,63.654
62317,102700,58549,3855,83.262
78930,81000,43267,14882,107.29
56093,85800,52462,1304,51.727
93228,58200,27589,977,60.623
72679,86900,41346,932,53.312
56981,95300,43382,24385,312.319
50961,88000,51006,2346,104.446
99098,61600,49286,1541,101.701
45657,115600,63750,2211,29.337
84754,97600,55172,4801,95.736
97943,92900,35563,10862,227.178
65410,147800,67314,7095,67.318
47147,85000,48167,3351,123.649
46570,146000,54618,3350,64.662
67210,88800,34186,36298,95.201
80299,162100,53884,24379,78.991
88582,106000,38860,808,82.395
90100,103200,37318,11007,165.047
77507,64000,42500,1806,163.945
93459,81200,50471,1611,111.87
87696,62200,36042,1133,24.023
47931,67600,44972,1636,50.26
47333,77100,44891,5568,262.483
81376,84700,31632,1088,79.508
63036,94200,41862,5395,49.726
68618,84300,38941,4282,161.606
49556,96700,50645,4225,67.794
46404,66400,29891,2876,134.103
10228,105200,39867,2874,3.004
78527,89500,44776,11518,135.229
74534,99500,35731,2846,103.623
89632,70500,42549,3491,72.101
75904,124700,39508,15849,9.343
80206,77100,34045,23286,48.992
96457,95700,50306,5456,46.216
88202,130000,47441,29934,47
88890,174600,57655,27823,79.187
77329,94900,41023,2588,90.532
63226,86400,60877,2787,116.972
86469,104700,50974,13977,318.793
94511,67300,39718,6036,88.565
98816,76600,35071,3460,170.535
47250,95200,41870,4652,84.636
60819,97500,44898,11444,187.444
58258,106900,58415,9778,145.05
54883,118600,44059,13196,75.96
50283,136000,56732,8611,124.178
58656,87400,46755,2189,58.685
97535,117900,44981,16638,175.71
55309,118300,48162,12417,203.123
84959,86400,44015,4804,107.132
45923,89800,33246,8246,335.22
55343,83100,47757,2807,127.362
72280,104800,56972,24536,127.575
89555,83200,37813,1993,22.787
62711,68300,32619,17290,122.969
58921,123800,47037,17097,237.323
55708,76300,37574,2562,128.409
55176,75900,36740,3914,56.355
83921,85300,44188,7548,101.007
66505,86400,42364,12985,231.904
45790,89900,49489,5098,89.769
73383,140800,55475,6869,10.979
97555,123000,46025,34373,15.717
47555,67800,30201,27069,13.643
77031,197400,52612,37166,54.232
79201,87700,38512,8684,67.077
58719,89300,51273,2168,27.691
61315,82500,47280,8771,75.008
76263,158800,58176,13711,51.686
10504,65700,34231,7156,54.768
88444,99600,54750,5062,20.723
58411,134700,42063,3937,46.821
66627,95200,42429,17253,161.034
67057,104700,42336,6986,147.984
98894,122400,51250,5783,124.203
98299,93000,50794,5719,104.391
95073,89900,53482,4002,68.554
95919,124000,46926,9072,49.373
94939,83700,47250,2614,130.158
68043,161100,79223,12466,43.544
55613,104300,45625,6005,107.791
55544,133300,51268,7607,102.136
82948,85900,39705,26388,305.332
99836,91500,58824,2776,120.763
85188,144500,59969,18361,143.992
79633,120600,45599,12791,178.38
89566,95400,41875,3254,56.295
90569,93500,46019,7219,121.805
89535,60000,39688,658,38.598
71317,80700,39940,11263,267.49
79896,123100,48824,7593,188.922
50628,109200,51140,4203,36.756
64476,155100,66250,13125,38.539
78851,107900,38059,3518,94.277
65611,87700,38255,16799,214.598
78651,86500,45730,22397,332.439
94690,86700,48523,5386,255.15
64401,105500,53871,3324,245.181
45982,82800,29114,12012,449.997
81889,61200,40339,5069,147.438
92203,89800,49643,7076,273.312
57357,75800,36823,3259,316.753
58368,89500,40020,2718,145.728
72521,65300,40250,1859,242.324
65603,0,49912,671,71.369
63766,95400,43125,5050,259.39
62778,60400,27773,963,74.599
85833,64800,37569,2369,272.042
96656,78300,41932,1923,118.045
89490,77700,44375,6644,169.643
77065,77600,35335,10091,246.812
46148,94600,45604,29036,161.471
53779,73300,30774,4179,236.582
87935,69800,20614,1411,90.336
46306,81500,28984,1599,132.596
99126,74000,24005,2023,134.776
70916,90300,56058,2631,56.02
59854,74300,33420,13685,354.296
90362,74500,39167,889,125.577
73209,87900,46574,2608,185.983
48966,67700,44413,9105,84.817
96831,76300,37024,1301,39.808
93082,82300,40847,3578,138.887
93421,92900,32512,6281,244.908
89963,82400,40500,7976,197.609
78299,88400,39457,16134,393.076
64445,75300,46600,3280,104.502
54413,80000,37277,7623,243.004
53233,104900,41184,923,46.531
71824,93300,32494,14910,277.152
64663,77700,34811,20097,231.83
84141,167800,45065,17591,73.914
89446,63600,32549,5371,270.854
99556,58300,29130,1766,73.407
94990,96200,50387,4116,85.893
69168,79300,30948,6620,360.934
85198,75900,47981,2599,179.145
58598,68900,32786,3126,102.992
84260,86000,35712,3699,143.466
50848,64100,37895,750,182.971
91003,76900,36867,11423,291.212
90355,72900,38009,2836,161.632
89708,158700,78895,30460,10.328
61748,0,0,0,0
70757,195800,41959,22639,7.562
96066,269900,112188,13602,74.123
51369,89600,51224,19759,98.202
46833,82800,32653,55706,8.937
81522,98100,34733,21594,8.013
10096,170000,58969,25689,8.176
84334,153200,47633,30680,8.963
83071,96000,48720,34072,5.766
63863,117200,51929,16658,4.284
99315,164200,85997,30852,8.86
49751,147100,66429,44724,10.394
56470,116700,61187,26938,7.653
80121,130800,58849,27270,66.005
91427,182600,65517,33673,7.241
71309,132400,51786,13212,2.671
52157,109200,51757,5832,56.217
75588,152500,74472,59744,77.139
89427,98400,49508,17759,72.476
75465,112500,54169,24819,164.003
10581,432800,161884,22748,13.057
10487,151800,68274,22352,45.965
10396,164700,61781,32925,6.52
10457,156800,52355,27524,11.374
98813,76500,52344,434,11.818
84891,153000,51033,7071,137.342
85549,165500,60530,3866,100.973
92323,131400,48534,21989,108.488
47612,185600,65774,25130,100.973
82172,154400,65019,5875,122.073
95738,258200,81488,46320,36.829
10478,253500,95191,15995,45.31
47647,128400,51283,28421,8.037
47389,191100,84966,11764,3.802
69617,68000,44464,3084,89.06
90457,106700,57939,17123,54.403
60316,171900,73662,6764,7.4
10240,205400,89652,61361,51.845
10484,160800,67159,1883,29.867
61247,184700,82987,28986,98.373
79267,141600,60161,3142,86.077
10401,80800,39263,22117,174.405
57970,151500,58966,3320,7.546
10590,126900,54805,5327,84.2
95221,0,0,590,7.309
53431,137800,63898,8572,67.188
48439,127800,59965,17748,100.484
91485,94700,55065,8327,50.827
53426,144500,70918,8787,63.848
65609,120100,51588,20196,14.678
81721,192900,74688,11499,158.628
87429,586900,187670,26669,22.556
58534,100600,47500,2095,37.034
67384,189600,56859,8111,4.315
88426,83200,36523,14572,5.454
87371,59600,23493,17446,5.86
91611,51200,24424,22194,5.571
76301,71100,35052,35389,14.548
83619,241900,59314,25917,10.776
63012,119400,61246,38227,46.689
87162,368600,65202,21710,8.136
62674,88500,43823,30434,5.735
89816,81300,42366,21685,8.255
57626,96200,38570,38993,11.328
85891,83600,40058,24741,9.124
97866,68000,35153,20696,4.661
79674,140500,46110,46746,12.166
81324,88500,42620,30645,10.786
57295,137600,63341,13866,7.57
77954,62900,32318,42761,16.198
83386,136800,41326,15283,9.752
85067,146500,81470,29722,8.102
76076,165100,78318,19395,63.564
47553,0,63594,2003,2.175
64465,139100,75826,28374,15.103
65135,241700,51441,24709,7.326
85639,111500,52284,48394,9.238
67296,94400,46546,23704,7.968
90322,119100,59788,20684,25.967
98973,142800,69807,54911,13.535
59964,91800,52257,26340,27.866
73169,105200,63317,23331,4.665
56210,0,49729,3115,3.464
46234,66200,34092,16748,3.933
53510,183500,90240,4891,14.446
62196,149500,81325,48058,54.02
82235,138500,52109,33444,9.417
64959,180700,85572,28209,8.784
71227,129600,25533,27107,5.581
60326,186500,44223,18510,8.46
98455,187500,57973,10579,36.796
81757,201400,72680,19782,27.099
84979,129200,48558,24018,6.544
65259,175800,80020,39556,16.063
53203,127800,59063,3156,99.675
71071,172200,85071,22141,79.458
77342,78300,42361,1119,184.926
65472,97700,47243,9711,378.741
74734,132000,59420,3235,62.96
65097,105100,66250,431,26.485
74361,148300,62500,1087,114.45
90695,125200,53007,26120,369.44
72981,190300,95274,60388,17.183
91472,73900,42153,1780,22.625
61486,153100,84918,13098,71.849
46434,300400,116824,34647,14.431
10540,159100,79027,7194,67.165
68585,153800,47760,731,53.019
88132,162200,71000,2863,185.026
87339,81200,36719,5411,262.172
58582,145100,59929,6659,89.294
87236,146600,66927,4618,56.651
70338,294400,102145,27648,45.316
80656,69200,50714,1412,35.651
90427,141600,70024,13495,120.114
62899,77200,55000,1853,101.096
82826,122800,56607,1352,39.526
65320,117900,60000,4745,98.924
98097,131200,60031,9135,203.888
57416,46900,27211,16540,11.734
53675,106400,46370,13206,8.259
85501,103200,55224,4746,219.058
75227,75900,42668,15991,13.065
96829,130300,49112,19677,8.952
10392,97100,41668,13862,5.56
88281,132800,66448,17989,179.784
10217,0,60078,7535,1.665
60524,97800,52026,11270,78.476
61307,39900,38730,3502,284.298
98725,76800,43618,4831,532.331
10587,91100,55804,2317,236.133
89076,85500,50575,13045,198.396
46760,50700,37401,1606,104.602
89639,57200,44091,4162,282.217
55335,58400,38672,802,30.395
56306,72200,43276,12991,476.271
65153,121100,60694,1329,198.945
83615,135300,41617,25702,412.343
10376,76600,42423,8992,515.046
95887,132100,46391,11302,131.558
52709,80500,50439,2532,359.645
99421,101600,50795,3384,118.718
51395,115200,39911,1370,95.557
59388,191400,59063,1416,120.107
53841,35400,33438,612,72.695
10226,60100,37436,5721,404.952
65288,81900,40508,7545,446.755
91126,70300,31719,1897,141.461
79144,75200,36603,3635,145.294
62328,72200,18869,407,67.825
86652,87700,41024,9000,419.469
47142,79200,34975,5628,126.191
95908,91500,51356,13258,461.114
67064,63600,44583,1014,90.343
97921,131000,39301,3960,316.512
10555,80100,52500,6261,564.141
10185,182900,74079,2982,167.876
10629,80600,31719,481,75.792
71709,58300,48854,506,185.839
79515,154400,48721,1499,100.898
60305,67600,38571,977,236.653
80310,132000,51736,2637,102.719
98478,119400,41042,1147,106.353
60132,130600,45208,2507,89.435
90084,99600,41269,16897,116.836
83095,151800,63301,31545,62.259
88026,91000,37955,24268,27.073
97973,83200,35446,3317,78.409
96363,152200,58425,34172,105.478
10082,70800,36650,1581,116.513
66858,71500,36883,8413,301.269
93579,109400,52115,35534,114.825
95361,94800,56360,2867,67.225
78743,135500,51362,4058,128.365
66804,104100,47057,16974,504.302
63408,122700,44313,2540,93.41
91348,100100,48087,4978,382.057
76949,92200,42417,2615,88.408
76010,146100,60954,3870,53.763
10255,117800,59038,761,150.013
96455,159400,61719,7841,137.385
46799,69900,29920,19206,4.751
75606,143700,59643,40025,80.569
99228,89000,39474,30430,48.591
63769,82500,41686,29943,30.597
84239,169900,67399,26344,15.513
93625,127100,52605,44490,76.635
56751,121600,46015,11586,531.564
92246,96500,48523,2104,8.699
82746,87900,40481,1461,98.613
92213,98100,54750,5178,135.679
51893,125600,54551,5051,6.715
93065,99100,37153,8984,193.578
91927,56100,37721,2572,179.824
93716,259400,92780,6790,118.183
77206,122600,46125,17661,142.394
87588,115600,46555,3046,151.14
78706,137500,56094,1766,75.054
82414,117300,58750,1037,72.706
65708,81800,48036,1015,52.716
66655,108800,58043,2231,64.247
77829,95000,47639,1563,40.903
10207,90800,46838,1601,88.551
86295,77700,55057,1989,141.531
70495,128100,63411,1840,14.412
55681,48900,37125,1778,60.061
70545,168100,75714,4973,48.273
10230,109500,46573,7093,282.853
72649,52500,26736,1341,105.504
46727,114300,47500,1497,43.371
10050,59400,40815,1584,91.863
75733,69900,43824,1674,75.071
55918,90400,47083,7057,255.48
97196,142900,70313,13554,7.987
87421,86000,40331,11039,167.466
69353,87300,50063,2302,103.115
57732,91300,38750,790,138.336
84531,94100,42583,3300,103.157
65203,113000,42625,1082,148.651
56157,161800,77546,7831,76.353
91708,163700,59470,9307,106.306
53899,55500,31944,8708,160.534
56968,75100,38052,3514,135.045
69370,93600,40500,2526,159.074
71912,82000,45625,244,16.378
80304,82900,37147,11313,144.005
61462,89000,48571,1377,70.057
52674,84600,46288,1777,79.607
64838,81000,52125,413,21.459
73478,80000,42188,1432,76.269
53527,91100,48984,2660,113.42
50005,105700,35667,1466,132.643
58668,64700,34306,1197,81.207
53918,105900,59620,6454,99.747
89453,89200,40513,10115,122.608
58687,81200,36652,1651,77.294
74792,64400,20447,8007,5.173
87082,86500,41391,29155,114.304
81464,102100,26639,35015,70.933
88745,62800,30919,16697,3.265
88594,114700,43873,24476,46.538
60750,118900,42145,22686,9.511
84393,59000,35562,9042,3.958
54075,174700,66944,23506,50.325
10393,85900,40330,25552,381.887
96414,112900,51277,5075,72.321
94181,72700,36364,4869,305
73073,85800,46341,2945,112.338
10316,72900,40470,7091,520.91
54120,95000,46071,433,72.601
94598,64300,0,199,97.126
97907,62200,42378,5908,410.701
88326,111000,39669,3944,945.044
47884,100800,37188,1622,256.807
87451,0,40500,401,136.329
76861,134400,37622,3582,711.183
76984,80500,53939,1791,134.229
10071,23100,30455,254,119.202
60513,53400,38750,1982,718.241
84712,107400,43750,890,235.448
89667,167000,66354,125,73.807
69960,82000,35216,4558,555.731
77474,65200,40375,1685,264.515
67795,0,31131,126,58.288
10135,93800,36250,110,106.876
99999,125000,51705,940,93.668
50747,96900,49063,27969,276.069
10299,72800,35984,31905,26.634
58453,173900,55872,32718,403.905
60737,111400,54009,11335,207.872
75570,114600,48693,1296,15.573
10525,159800,71250,1606,292.033
65904,72300,59766,3377,1074.109
58263,155000,59333,1348,568.48
83237,76600,50396,3693,2509.559
84278,91700,53894,4180,1839.951
95230,229700,68229,16793,2.019
87672,229700,46267,10508,2.536
78556,225600,50681,32692,5.776
63920,886100,174153,25528,3.845
91931,388400,80908,19664,2.255
59818,376500,113361,30853,7.808
93743,367800,88248,30482,6.52
74167,227000,47011,38094,6.18
81550,0,0,366,0.123
63068,84700,29544,19547,3.569
79699,77000,34617,20719,3.928
92384,83300,37987,17602,8.745
65189,128800,43207,28684,7.156
84545,91600,43243,53621,21.119
82232,62100,31949,26989,9.67
60398,87500,40909,32561,8.695
82466,301900,73274,25563,6.621
63252,474800,102521,18944,3.52
90546,84800,32404,26042,6.078
97282,81600,29277,29557,5.84
95192,104500,35723,28998,5.449
91640,837800,114336,34775,12.705
65417,376100,67548,26137,4.3
10146,61600,25354,23940,6.48
71764,629600,88471,14331,2.862
96357,56100,29272,16808,9.171
53071,69400,31296,17814,12.992
97781,481500,73689,10258,2.521
99061,124000,41976,15762,3.185
59739,81000,26061,12757,22.124
99876,62100,31037,27965,5.975
91010,104800,45271,33678,13.73
58776,188500,38729,35896,5.703
91779,121400,27576,71969,7.117
57203,86500,39513,19819,6.234
93288,95700,40832,26713,9.414
70953,136500,54468,45081,14.053
49863,147800,75808,37146,18.506
86779,231600,46383,36385,6.251
94914,171000,58409,23358,14.906
91875,168600,71788,30949,39.082
48250,79900,44690,31255,11.541
76199,317100,78750,1196,0.117
62038,118400,52476,21077,13.82
49430,68800,40077,15294,11.082
59414,122100,52735,28521,24.581
67386,69200,52963,4611,6.673
63144,73200,26960,15085,7.325
95190,85000,43468,28954,12.308
68421,124000,46646,22290,5.588
60815,343400,47808,41989,8.359
47191,628800,98862,18673,3.46
10094,271100,57920,39208,4.263
69469,166400,50981,16406,8.25
75014,266300,131453,16949,9.841
48346,89900,27439,40830,8.224
96385,169100,83452,25152,5.424
99816,198000,44670,34299,4.6
66198,139800,67095,45847,14.724
88145,145600,54928,35326,8.213
50703,120000,59640,31366,8.597
71715,95000,38033,30559,5.992
53483,160400,71428,46017,13.012
61877,126300,44824,25671,4.468
54563,94700,39103,56526,7.318
93097,115000,52327,34790,13.837
10641,108700,34920,37267,5.439
10186,120800,48612,37388,11.006
67760,86100,31930,33803,4.773
90798,244400,63701,52151,8.715
76995,69600,32040,14777,10.71
80913,405700,101743,31280,7.302
94569,157600,41285,45275,6.383
93648,205500,27691,47860,3.097
93808,138800,49825,49900,12.554
10545,120700,55290,70837,10.314
92415,134300,66914,95137,30.746
85390,103900,53362,16074,5.294
99214,92800,41119,28009,6.783
75131,86500,34187,36399,6.664
10044,95600,42287,49660,11.184
89939,129900,64766,48685,12.715
92374,142300,39583,32930,8.22
10158,108100,31516,23472,7.181
87798,139500,37706,33745,7.616
81166,76400,31383,46929,12.026
66330,351000,168611,8498,11.273
58219,182200,88148,66502,15.386
64366,292300,58538,32628,5.986
94263,440000,83686,13076,1.775
10225,98800,36355,47091,6.221
10510,103400,38259,30769,18.898
75186,135100,61783,18118,57.68
95466,110400,48208,16710,61.834
95719,181100,57688,21314,37.847
77640,75600,38962,11931,41.129
73457,240900,85127,16036,126.198
83201,110300,44617,33678,317.958
49061,84600,40514,20160,317.69
56393,104400,44706,6824,153.111
10130,158900,65655,12471,39.05
69601,114100,48459,33971,26.473
77614,163500,70554,37512,16.869
79594,261500,125990,26122,8.458
10404,170900,91446,53578,17.361
10578,89400,43074,32517,671.393
53501,228100,84909,30215,75.901
99148,189100,77929,24010,57.043
54902,237500,74091,24498,130.088
53190,94900,45917,19987,62.785
56677,95400,52127,4993,123.818
85059,156300,71118,721,52.494
79552,62100,37889,5280,32.938
86907,144200,58655,4600,8.144
90278,107300,44750,3269,69.269
79045,109300,27500,2223,30.346
48691,163000,67921,25769,35.482
59469,63900,36445,7665,127.2
79519,80300,46734,12164,51.902
94811,121200,67078,54609,23.723
59255,159700,69046,39351,34.049
48783,233700,92338,28708,38.894
10483,96200,47098,14685,97.242
67141,215600,100997,70544,25.129
67478,198600,68597,23136,12.429
90087,322800,102528,34961,13.109
67834,377400,136957,35369,11.274
79105,269100,78888,11857,17.486
85853,190000,90734,19534,21.807
10213,195100,93474,36407,40.255
47513,162100,84164,40384,13.913
60755,267900,115783,21255,20.862
93812,124200,60942,43317,26.81
68848,768800,169545,17491,3.751
99420,246200,111621,33682,64.896
60505,203500,89012,28595,18.835
81109,105100,42746,23047,518.353
94445,198400,51342,9585,190.066
81733,92100,48482,2205,53.258
66477,86200,50789,13933,170.804
76031,150700,46464,9483,144.295
10357,209100,101552,72264,38.384
92151,124200,70341,2283,111.632
50860,211700,100457,50539,58.327
95969,64700,37656,4816,190.954
60928,119600,47786,17054,321.887
66092,94400,43958,1137,192.924
57080,127900,74836,11872,99.875
56518,132500,71096,94382,29.887
49264,227800,100504,71889,20.35
93481,229600,113046,56274,32.778
53047,128600,62629,10679,147.839
91422,99400,39353,7161,194.772
70393,182900,77634,35321,130.752
76573,162700,61196,12782,208.036
54381,151800,58633,35897,10.455
10005,263500,93955,24739,9.727
49317,105500,53767,8097,142.335
50533,162600,64048,11068,154.836
51207,135000,55560,4054,83.334
87948,114100,60161,6851,47.49
53543,97100,41079,14148,216.982
61497,112800,63473,35554,11.236
73531,162800,82630,23104,57.697
74245,303500,137231,61600,40.777
59154,175000,76590,49906,15.484
68933,91600,45813,37995,5.615
61507,89100,43277,24251,8.562
51951,164100,74894,23223,9.154
10165,70400,31840,35977,9.152
58802,153300,64489,13731,29.379
55426,117400,53672,46627,158.523
81014,105100,37996,4942,218.058
55480,108400,59812,30309,204.837
10436,143300,73117,5315,20.157
75973,79500,36806,8673,2.747
79093,56200,47038,1191,41.413
93557,78600,45936,36489,23.942
61428,124500,58261,49507,41.473
10606,188800,96779,17031,90.007
64344,88000,51209,31086,13.158
88376,102400,51429,15639,19.664
56728,126300,62785,26236,78.413
79541,132400,83148,2863,35.99
71755,95700,57400,31295,313.992
84527,141100,80152,30690,12.514
10745,86800,55250,934,145.638
79034,141500,69810,38806,50.389
53144,87000,46414,17412,118.066
64735,146600,67222,19431,12.181
90344,204600,96133,47636,26.373
10754,66900,43750,9735,2.666
94667,122400,35263,23043,7.507
49845,148800,45319,17753,3.814
54849,266100,66607,8863,35.405
85949,92100,59659,1005,31.338
61117,96400,60533,10459,14.843
84203,124300,50986,9103,52.502
10355,77800,58017,1988,52.543
53785,216300,66994,5790,3.8
50734,153600,75786,28739,23.631
48897,87600,42299,14308,12.568
82388,128800,72155,35666,34.95
87222,208300,99794,71580,30.171
99553,97900,52101,15949,239.479
88451,196000,92223,12672,37.285
51324,188900,85487,42383,25.748
83591,156200,64455,28531,166.83
84430,205600,99996,70228,32.093
49280,197200,87543,20970,12.986
99011,83500,41840,16568,2.969
53044,93100,41631,30374,17.637
96980,112000,41634,13131,10.797
87742,0,0,777,21.768
61129,132000,48059,23059,12.101
95674,141300,66189,8219,24.107
56825,104200,47176,8901,347.61
91701,76700,0,1136,52.263
51729,98800,50266,16147,5.971
65920,129800,84118,1390,22.445
69049,100300,60392,856,60.606
69056,86200,59583,8489,309.363
74768,131800,65444,21454,10.582
97812,96800,45782,26796,90.605
91138,63400,31335,16875,38.542
57463,64400,32313,37111,19.682
68454,142900,60205,13043,12.381
64876,82900,41800,17110,157.284
10372,146600,64736,20003,64.074
68714,131000,81429,4910,116.509
68217,63100,64028,1437,55.591
53183,86600,46582,27035,139.104
10120,89400,68552,2681,162.151
57136,114100,44752,6446,134.67
88661,55100,25443,14674,6.905
70967,85900,37012,2893,1.238
88995,61800,28426,15006,13.232
85996,77600,36820,40475,237.254
83735,166300,61172,28258,11.28
68879,103000,50536,17080,14.78
72284,104300,42294,11518,7.078
94813,139700,61382,12788,99.66
91247,103600,30764,15449,3.213
79729,157400,53571,23288,11.744
52712,84800,37207,30252,12.855
99270,188500,71076,10634,249.997
59979,148700,57422,2534,188.573
88457,101600,42000,3426,218.692
86356,146500,66595,2351,112.286
69505,106000,56812,11896,441.286
85987,161600,21805,56171,11.201
90282,210100,74363,48938,147.539
93661,151600,52195,5096,393.329
79151,87700,52051,6981,169.691
69990,115500,54803,2506,127.327
77900,99400,39872,7647,200.66
75831,117500,42708,1798,140.876
63124,101800,47321,15511,271.367
63329,141700,53929,3368,197.645
98400,101100,46333,1716,75.378
66139,85700,35688,1292,80.791
63553,80600,50365,4670,187.488
98582,158000,44674,1879,95.321
95032,87400,44105,41548,19.781
94787,164800,69868,25002,120.649
10175,114000,55511,11506,370.035
78364,93100,51270,8187,378.019
83875,119500,51950,5459,647.417
58243,157700,48125,7569,579.316
53271,82000,77297,911,60.706
48362,110900,57813,1860,79.422
48149,104900,55091,17144,340.973
10017,152400,47440,2209,112.855
60104,140300,48421,4295,155.936
56464,84000,41410,699,109.383
58324,98900,45412,9567,356.846
69219,111000,43428,8255,41.524
67098,285700,75346,27558,311.823
56858,105700,116875,345,188.77
96610,139900,61439,7255,71.495
10659,181100,51179,3386,73.275
57498,151900,59258,5930,230.257
70743,69400,36814,4987,1048.294
10746,399000,117882,9602,20.916
10241,99300,53673,9630,158.765
61338,53900,45043,4787,372.464
53516,90600,51382,4627,439.185
69614,267700,113385,24334,74.517
78278,276000,48060,1436,260.891
93143,94500,44893,4956,43.921
80738,81800,52337,5861,216.884
79335,162500,43407,37620,250.675
92157,90500,52500,1657,18.364
86944,73800,22768,42083,6.3
89226,138700,37810,44153,18.32
65536,93100,32043,42713,174.735
48702,160700,65669,54713,723.528
10625,84200,34335,64548,245.941
73434,118200,61807,6388,37.913
82399,152100,48098,1774,237.043
66955,0,33511,871,98.487
50492,112800,55982,5387,40.909
95370,78200,37652,11031,553.172
72597,145600,55691,9227,121.564
79960,130600,66075,14102,234.533
97567,79300,48708,10831,166.791
97263,160300,62061,591,25.545
57944,85000,39325,5137,32.561
10572,276900,79873,14618,137.703
10548,72800,43351,8171,51.943
90274,61200,36421,12612,477.708
59579,204700,85100,7898,51.269
97550,78000,43431,27593,469.003
74271,197200,87541,27770,30.867
80599,141500,61262,20103,366.891
90333,230800,60938,390,122.202
88328,87700,42431,3976,181.237
64858,77300,41096,7680,326.69
10231,193600,85236,11381,102.756
10080,144300,62083,5609,56.948
61420,306400,90728,19139,185.574
56542,174500,56956,16269,83.637
61943,149100,60088,20139,9.424
10365,173500,75273,2294,36.643
70712,174500,75538,30347,32.865
67205,123600,49934,45341,354.566
77269,135600,52000,4273,182.15
64506,98600,50313,864,12.807
68088,318000,102319,9838,77.148
67507,87300,40464,3796,282.576
94928,84600,36330,45307,7.071
87839,65100,24001,11691,2.325
89160,60900,28643,6099,1.286
62343,76700,35392,11125,2.634
96024,374500,31090,1453,1.192
76794,56500,24766,55514,7.263
84034,68600,24104,3736,0.984
80601,313300,66082,39197,10.185
78660,80100,34044,36865,7.437
48256,63100,34461,31944,10.279
95313,124300,41698,28415,6.758
54518,108300,42353,40396,8.004
82672,66600,31728,23341,13.411
79754,270000,51761,1150,1.122
80072,167300,43249,40267,14.293
70549,122000,47696,32165,10.494
73667,94300,40170,31917,11.825
85976,80300,34752,15225,13.715
61620,69800,30525,15965,9.282
74868,78800,36474,35990,30.416
99718,101700,48724,19408,21.89
59539,86500,39219,50637,41.411
87579,81700,45445,17601,22.12
95921,66100,30012,13025,1.962
56064,66200,27015,6648,7.138
98710,81000,37297,46077,13.804
10289,86400,38301,58811,10.933
87762,198000,58666,39089,10.365
72053,239300,77245,7906,3.867
98170,211300,71069,35120,12.022
75535,117500,56014,43710,13.133
91967,0,64712,357,1.048
10446,58300,27546,36929,7.371
82158,115000,45052,23514,9.608
54529,118600,58581,28736,6.637
10666,149900,50853,51111,11.316
10154,69800,38160,31395,7.812
95934,109400,62369,30757,9.331
69600,125100,60616,56511,33.22
60192,156500,70621,49176,16.414
91293,288300,100872,13638,3.92
57926,169200,63538,49951,14.856
10303,128700,64823,54903,9.613
10640,151200,65924,49435,15.179
63183,113700,56707,7372,34.576
97953,213200,91618,29007,54.314
73878,163600,77527,44817,27.056
10001,290700,121098,10826,18.306
84120,408100,73421,6855,8.688
10423,612800,128302,3950,38.924
10693,292900,102665,40586,15.874
60520,231500,91961,22660,13.771
50302,290500,112255,24844,22.162
90801,262400,101003,13513,29.865
78156,170700,68694,4673,36.635
66235,370200,106563,5591,37.586
75940,73300,41966,28710,499.777
85437,104900,41638,11949,49.005
99987,62800,20852,433,203.007
98274,55100,25954,7081,342.433
74643,54600,44846,3161,305.225
53036,0,0,0,0
10164,66400,35461,5350,1160.639
10459,115500,59530,9447,18.962
88114,86400,40917,30463,152.872
68325,56400,40791,9227,216.341
91858,78700,52466,4877,92.817
73739,87400,51000,5452,214.257
10700,268000,50231,3585,16.643
56979,151000,60091,16620,47.65
71890,60700,34505,3352,102.96
75913,74800,48953,3821,458.813
66929,102800,59886,1585,81.358
96543,77400,48631,23141,335.925
79038,162400,47461,19364,100.74
55142,43600,23506,6640,455.949
66054,68800,53546,9574,214.445
10059,69800,37287,1541,127.42
95894,68900,43309,5616,170.723
97252,75600,58839,2379,165.378
82223,60500,24817,5391,2.155
56322,98400,41705,17236,3.107
54758,52900,30111,16867,5.079
66145,56000,53141,1413,12.876
73916,61800,37198,2955,4.045
69512,65100,33563,12061,4.438
83221,79600,51495,2939,11.862
84858,134600,65701,26387,22.803
99035,106600,50439,28024,5.995
73152,116000,47901,36003,8.798
10187,162400,68953,36953,8.025
82109,182300,82430,30165,14.346
80548,84800,41221,39271,103.648
81090,67000,35152,15508,2.936
64459,164600,62450,29854,43.438
49070,94700,34874,61219,15.34
89073,90300,35554,21706,17.036
93258,54400,32174,33722,38.038
10621,82000,31563,59408,36.505
98291,66000,27352,93818,93.138
70481,105500,50905,42460,44.028
88427,0,32500,451,59.629
80509,55000,27435,39454,62.474
63713,49700,27176,10657,71.01
67681,119000,52884,30783,13.147
10222,85200,35800,42431,289.039
96750,74200,32417,63293,169.858
99016,76000,33778,53152,95.609
72451,96000,47683,34111,49.158
64897,61200,36810,12751,35.232
59098,89800,38239,4368,13.508
59226,56200,29701,32525,74.585
51455,87900,34429,34890,34.122
67404,79200,33294,57071,58.816
57318,73600,36446,70840,31.75
55253,114100,35638,12516,59.883
92417,66700,29737,40455,651.05
83051,68800,20728,18128,238.095
68397,58500,28013,55878,176.313
70279,82600,34197,38004,20.794
92267,74400,33962,63844,59.357
58429,254000,42825,2885,9.004
49219,0,0,0,0
56310,156800,55304,25160,193.595
70903,155200,63902,4952,163.542
72525,193600,46875,5205,244.597
57367,155900,0,434,38.524
69911,165900,39063,2012,23.471
54501,208400,75453,23502,92.385
83935,153600,46401,12977,277.738
86420,138100,57619,11457,93.838
10118,235700,91033,65099,28.088
10215,151600,44779,1290,52.47
56175,111500,51931,7092,109.919
95436,115600,47551,22210,69.389
77363,424300,111944,3026,38.264
97748,337200,94260,14367,171.007
61384,123400,54921,21659,187.002
77869,265200,56458,21513,708.041
61349,171200,61033,25996,93.046
10089,244200,81825,23727,73.382
48922,114500,48043,11887,425.389
87091,188300,44821,2395,325.074
93910,131900,46736,910,96.278
82952,265300,71613,19349,82.269
61594,160100,74392,22791,63.656
76091,218100,59326,3749,349.689
73133,155300,53622,2005,114.562
63673,124700,42054,7334,43.899
98766,152500,67353,42954,91.662
58309,186100,83526,44295,126.472
95616,228800,74013,9467,100.097
10378,128100,46154,6139,704.14
67153,125300,53080,17081,186.615
80522,203600,70396,9773,31.571
93432,107500,43998,7683,145.517
87079,127700,60417,1599,66.619
10535,216500,78594,4466,17.292
63034,152600,60880,16375,104.973
98980,171600,54002,17553,200.189
68713,122700,59659,2739,35.684
97398,118200,41691,2271,21.452
74536,316700,68367,5509,39.458
75121,150700,68321,2903,113.617
91237,180800,78145,68789,45.297
86884,135300,77807,2268,79.826
68237,138800,73344,746,123.085
95604,161100,63923,52932,16.562
10585,215200,88900,35985,18.755
52083,148100,36025,63836,176.552
54712,380200,92875,8731,139.632
99141,96400,41563,931,13.241
99734,239400,98444,50606,21.727
56931,447100,102112,6841,1.632
61092,251000,48174,21334,4.998
74222,735000,92746,19690,5.58
70696,421800,62283,42117,8.705
55819,432800,13349,31340,2.196
10520,286400,103595,22538,12.869
66617,121200,45250,1764,18.653
99988,178100,38301,11425,3.713
10358,313300,63559,5901,1.514
80558,231300,42462,28330,6.939
97427,111500,41308,21696,24.395
99188,123300,55119,6083,17.574
53654,378200,95646,13122,10.87
69803,226300,72535,26689,8.576
75976,188100,55619,20299,8.109
10413,218600,70164,27108,9.225
64537,641200,105086,7955,14.39
57343,509600,83438,24614,8.592
79818,484100,138734,14060,13.252
74985,528100,129875,8762,11.456
79284,352300,98019,17655,20.038
79322,426500,94375,16131,20.549
75722,290200,97049,6946,28.988
52179,370800,123312,12081,38.195
51055,486000,121505,12134,16.976
72230,394600,134313,16792,11.434
88637,141300,34950,44935,7.597
96046,80600,36250,820,5.735
51248,111400,43871,42820,21.398
55403,204500,56778,55614,13.351
84187,749000,132551,26928,22.494
74238,177600,75698,14808,23.776
99763,221000,72908,40651,12.674
80073,275600,87421,34449,10.069
10340,330500,79228,26814,13.399
84894,202800,38363,18064,3.343
75416,150700,41489,49301,10.967
10395,169300,56819,15036,13.253
84821,454300,69583,7194,1.672
87365,321200,62992,21310,4.916
71341,159600,47244,44072,9.284
53588,367600,74379,38891,13.917
81100,77800,38470,21780,814.985
64285,82500,0,258,178.514
10124,45500,23646,786,205.54
96145,72700,34398,3598,1084.772
78946,68000,31216,1299,243.124
52755,64500,36489,7829,556.712
66618,38600,26373,8578,359.341
68513,94200,44193,48149,951.464
74227,135100,43125,1145,269.143
10738,92800,37147,53040,572.473
98858,114900,53350,13701,460.36
72383,150200,37222,1788,227.35
56929,153800,0,989,59.686
60207,62900,40795,1682,1708.124
66569,575800,45357,353,75.978
89918,162500,0,647,98.639
77999,127700,41739,6712,191.876
49534,146500,43889,2098,134.591
50847,135800,42075,2962,156.281
74847,110300,53914,8989,205.64
71178,155300,0,352,5.811
10713,165500,57108,10494,252.122
61629,154200,33292,960,96.3
65351,159300,56172,4475,213.751
10250,224200,58445,850,64.332
70239,152900,85547,517,79.707
10490,264500,41653,1071,75.173
69099,134900,43065,5381,168.82
93416,140400,45391,9067,187.187
91547,76600,47528,1837,156.232
10176,122700,59795,4733,194.441
75151,73100,49057,14542,44.515
71179,133400,67042,3771,943.342
99654,172300,59419,19277,383.678
91803,100200,55438,10741,1915.664
10137,108800,52570,16177,300.861
73856,73000,51027,1425,116.279
78311,73400,51031,5309,669.513
61981,74800,52368,5128,64.088
78711,97900,40625,1839,541.408
58629,71400,41404,3194,265.465
85989,86700,47270,19473,1220.826
10091,66000,48750,489,160.181
10673,62800,34336,2739,146.037
70181,76400,45644,20840,489.815
96502,110900,64009,3197,393.836
66897,92300,49944,9919,763.503
49295,80700,44877,28849,382.652
71668,84000,45208,2646,535.651
65311,87700,41776,3912,643.471
63130,142000,49583,315,84.303
87804,83200,52969,2366,535.1
82181,73800,34933,5945,575.954
89174,88000,48750,1106,288.261
77060,99500,74167,1150,119.087
94233,101000,66250,517,212.077
10445,77400,23929,2817,1.601
57018,94700,42587,9963,2.662
85330,84100,43760,10594,5.143
66287,60800,34342,7869,3.833
90005,111200,40968,27967,9.362
55606,63000,33694,33844,16.771
93868,102800,46788,17726,165.433
93352,151100,55297,43516,10.446
93098,109700,56667,18811,5.593
91124,145300,67146,19726,169.913
62753,253600,85536,11539,101.457
71986,225100,90444,7819,90.145
10014,73400,37586,7040,860.423
84965,44600,49583,976,147.83
71157,70500,40259,3153,853.414
90154,47400,53000,424,216.426
75260,48700,42417,3833,576.085
77646,0,0,60,7.27
70730,73000,46597,2480,341.236
73510,56500,35833,720,200.63
63126,46700,25792,2476,260.241
69758,40500,32461,1493,597.142
81042,36900,32925,3202,543.797
79571,61500,50427,1067,405.787
80684,56100,35833,527,226.437
68904,78100,51007,3445,173.455
51196,55300,44881,971,87.892
90264,62200,38550,1571,131.394
81161,65900,38939,11451,467.268
94904,79900,61794,6559,230.368
93443,120800,50323,2319,178.274
64727,126600,67355,3300,93.661
85165,62900,41896,13258,747.559
10142,85600,51134,16972,432.109
10468,67600,41303,7230,277.262
97975,65500,41979,1571,136.491
77773,70500,56563,920,189.759
76019,65300,40598,7462,706.571
10721,83100,54286,1942,433.075
92457,81900,52250,6363,743.208
90045,53700,39119,2303,218.211
86910,54400,44792,2899,211.515
53559,114200,58680,13574,849.59
56519,117200,66205,5369,115.738
10171,71800,42938,8172,197.185
87667,213100,95469,1096,0.813
92869,148400,67917,6291,47.697
69737,68000,16487,8408,2.752
99493,52200,38718,16869,132.019
80923,52500,32173,11289,28.801
62063,0,0,6025,0.978
51662,98900,43423,19068,70.769
69910,124100,38164,9429,2.411
69927,56000,29965,7951,1.488
94428,75700,32359,15650,3.117
70066,125700,47158,21187,4.779
54692,85700,37571,17121,3.166
97340,59100,29863,17689,66.225
50098,114900,46863,32296,32.146
63512,130000,60930,32277,60.498
88255,177400,76668,39023,41.737
63129,77800,54750,3528,199.107
86695,65400,42660,2787,375.075
55818,76000,41325,7982,274.291
90957,102700,70724,1338,180.236
71245,63700,51442,8197,574.609
84968,44000,39613,2449,194.748
98771,60300,44180,3980,311.876
79651,62800,51083,251,94.412
10018,38400,45893,1383,89.177
50497,52200,61875,480,34.502
63945,43600,44432,940,123.535
65677,69600,51345,4988,316.648
97491,73900,55125,1788,227.797
10575,28600,31343,758,78.247
91096,91600,55095,15652,956.333
10286,45400,44896,3469,166.243
10819,65300,38056,12995,304.246
80963,62100,46042,137,75.455
64436,166200,78929,3669,116.106
92811,51900,36979,1161,16.368
97215,55000,41361,3373,315.585
54279,89700,36065,25085,248.996
97723,140400,56341,21519,114.795
86818,69100,36567,24288,58.401
63651,97100,44365,30098,10.97
66068,156600,57686,22885,62.471
87833,102800,55150,27728,11.89
56274,135700,67500,20592,6.694
10699,215200,74262,33536,35.565
97152,118800,70166,19571,743.927
85649,261300,89837,32854,70.775
10790,122000,70121,14786,768.384
64720,41000,42788,721,305.865
76050,80500,50578,33640,910.98
60745,80600,59524,4193,329.38
64153,114600,50313,2137,1293.791
99956,71100,50719,13315,1732.815
10107,214000,60170,963,529.368
10948,48700,50786,6125,391.713
86095,58000,39550,2245,219.383
10339,88500,60655,9066,173.275
50198,59000,77583,2197,52.826
79257,115300,52262,30488,10.19
58683,135200,63952,39056,31.669
10108,88300,51729,34079,54.296
51214,78100,48120,20725,58.25
10371,200900,96250,6927,20.642
93358,77200,60426,6115,237.937
66321,46300,47230,12747,1156.339
64936,102600,57396,3976,461.342
82426,94800,36322,7142,11.404
95005,128600,39266,7682,2009.757
87985,68200,29291,12690,11.829
10556,79200,38289,5772,19.188
83912,62500,25340,13208,14.018
98846,56600,13110,11328,2.199
94334,150400,30602,21236,6.558
98215,89000,28849,18451,3.043
91337,99900,34716,35060,8.804
10270,81600,21515,26036,6.482
91392,0,46444,4374,4.207
51887,87000,30021,55132,13.607
88127,217600,83889,1565,6.243
56643,179800,58637,77161,23.554
68882,85200,30360,40057,8.912
95016,0,0,2995,1.623
10209,0,0,0,0
95492,270800,69879,8935,6.535
10491,97200,41263,59058,12.242
53300,136900,46461,40641,16.919
50080,84700,32329,39016,28.311
88654,114000,49953,49544,104.102
72839,92000,34046,28410,10.969
66700,156500,55812,24986,14.276
88718,131600,63316,19174,59.17
93144,140800,39895,18042,3.494
83643,121700,52422,111086,26.739
75542,138800,55221,53520,364.348
